x,y,t
5.0,5.0,0.0
5.033105755524321,5.09671438694719,0.013810827098301262
5.066211511048643,5.19342877389438,0.027621654196602525
5.099317266572965,5.29014316084157,0.04143248129490379
5.132423022097286,5.386857547788759,0.05524330839320505
5.165528777621608,5.4835719347359495,0.06905413549150631
5.198634533145929,5.580286321683139,0.08286496258980758
5.231740288670251,5.677000708630329,0.09667578968810883
5.264846044194573,5.7737150955775185,0.1104866167864101
5.297951799718894,5.870429482524709,0.12429744388471137
5.331057555243216,5.967143869471898,0.13810827098301262
5.3641633107675375,6.063858256419088,0.15191909808131387
5.397269066291859,6.160572643366278,0.16572992517961516
5.430374821816181,6.257287030313468,0.1795407522779164
5.463480577340502,6.354001417260657,0.19335157937621766
5.4965863328648235,6.450715804207848,0.20716240647451895
5.529692088389146,6.547430191155037,0.2209732335728202
5.562797843913467,6.644144578102227,0.23478406067112145
5.595903599437788,6.7408589650494175,0.24859488776942273
5.62900935496211,6.837573351996607,0.26240571486772396
5.662115110486432,6.934287738943796,0.27621654196602524
5.695220866010754,7.0310021258909865,0.2900273690643265
5.728326621535075,7.127716512838177,0.30383819616262775
5.761432377059396,7.224430899785366,0.31764902326092903
5.794538132583718,7.3211452867325555,0.3314598503592303
5.82764388810804,7.417859673679746,0.34527067745753154
5.860749643632361,7.514574060626936,0.3590815045558328
5.893855399156683,7.611288447574125,0.3728923316541341
5.926961154681004,7.708002834521315,0.3867031587524353
5.960066910205326,7.804717221468505,0.4005139858507366
5.993172665729648,7.901431608415695,0.4143248129490379
6.026278421253969,7.998145995362885,0.4281356400473391
6.059384176778291,8.094860382310074,0.4419464671456404
6.0924899323026125,8.191574769257265,0.4557572942439417
6.125595687826934,8.288289156204454,0.4695681213422429
6.158701443351255,8.385003543151644,0.4833789484405442
6.191807198875577,8.481717930098835,0.49718977553884547
6.224912954399899,8.578432317046024,0.5110006026371468
6.258018709924221,8.675146703993214,0.5248114297354479
6.291124465448542,8.771861090940403,0.5386222568337492
6.324230220972863,8.868575477887592,0.5524330839320505
6.357335976497185,8.965289864834784,0.5662439110303518
6.390441732021507,9.062004251781973,0.580054738128653
6.423547487545829,9.158718638729162,0.5938655652269543
6.45665324307015,9.255433025676354,0.6076763923252555
6.489758998594471,9.352147412623543,0.6214872194235568
6.522864754118793,9.448861799570732,0.6352980465218581
6.555970509643115,9.545576186517922,0.6491088736201593
6.589076265167436,9.642290573465113,0.6629197007184606
6.622182020691758,9.739004960412302,0.6767305278167619
6.655287776216079,9.835719347359491,0.6905413549150631
6.688393531740401,9.93243373430668,0.7043521820133644
6.721499287264723,10.029148121253872,0.7181630091116656
6.754605042789044,10.125862508201061,0.7319738362099669
6.787710798313366,10.22257689514825,0.7457846633082682
6.8208165538376875,10.319291282095442,0.7595954904065695
6.853922309362009,10.416005669042631,0.7734063175048707
6.887028064886331,10.51272005598982,0.7872171446031719
6.920133820410652,10.609434442937012,0.8010279717014732
6.953239575934974,10.706148829884201,0.8148387987997745
6.986345331459296,10.80286321683139,0.8286496258980758
7.019451086983617,10.899577603778582,0.8424604529963771
7.052556842507939,10.99629199072577,0.8562712800946782
7.08566259803226,11.09300637767296,0.8700821071929795
7.118768353556582,11.18972076462015,0.8838929342912808
7.151874109080904,11.286435151567341,0.8977037613895821
7.184979864605225,11.38314953851453,0.9115145884878834
7.218085620129546,11.47986392546172,0.9253254155861845
7.251191375653868,11.576578312408909,0.9391362426844858
7.28429713117819,11.6732926993561,0.9529470697827871
7.317402886702512,11.77000708630329,0.9667578968810884
7.350508642226833,11.866721473250479,0.9805687239793897
7.383614397751155,11.96343586019767,0.9943795510776909
7.4167201532754765,12.06015024714486,1.0081903781759922
7.449825908799799,12.156864634092049,1.0220012052742935
7.48293166432412,12.25357902103924,1.0358120323725948
7.516037419848441,12.350293407986427,1.0496228594708958
7.5491431753727625,12.447007794933619,1.0634336865691971
7.582248930897084,12.543722181880808,1.0772445136674984
7.615354686421406,12.640436568827997,1.0910553407657997
7.648460441945728,12.737150955775189,1.104866167864101
7.681566197470049,12.833865342722378,1.1186769949624022
7.714671952994371,12.930579729669567,1.1324878220607035
7.747777708518693,13.027294116616758,1.1462986491590048
7.780883464043014,13.124008503563948,1.160109476257306
7.813989219567336,13.220722890511137,1.1739203033556074
7.847094975091657,13.317437277458328,1.1877311304539087
7.880200730615979,13.414151664405518,1.20154195755221
7.9133064861403,13.510866051352707,1.215352784650511
7.946412241664622,13.607580438299896,1.2291636117488123
7.979517997188943,13.704294825247086,1.2429744388471136
8.012623752713266,13.801009212194277,1.2567852659454148
8.045729508237587,13.897723599141466,1.2705960930437161
8.078835263761908,13.994437986088656,1.2844069201420174
8.111941019286231,14.091152373035847,1.2982177472403187
8.145046774810552,14.187866759983036,1.31202857433862
8.178152530334874,14.284581146930226,1.3258394014369212
8.211258285859195,14.381295533877417,1.3396502285352225
8.244364041383516,14.478009920824606,1.3534610556335238
8.277469796907837,14.574724307771795,1.3672718827318249
8.310575552432159,14.671438694718985,1.3810827098301262
8.343681307956482,14.768153081666174,1.3948935369284274
8.376787063480803,14.864867468613365,1.4087043640267287
8.409892819005124,14.961581855560555,1.42251519112503
8.442998574529446,15.058296242507744,1.4363260182233313
8.476104330053769,15.155010629454935,1.4501368453216326
8.50921008557809,15.251725016402125,1.4639476724199338
8.542315841102411,15.348439403349314,1.4777584995182351
8.575421596626732,15.445153790296505,1.4915693266165364
8.608527352151054,15.541868177243694,1.5053801537148377
8.641633107675375,15.638582564190884,1.519190980813139
8.674738863199696,15.735296951138073,1.53300180791144
8.70784461872402,15.832011338085263,1.5468126350097413
8.74095037424834,15.928725725032454,1.5606234621080426
8.774056129772662,16.02544011197964,1.5744342892063439
8.807161885296985,16.122154498926832,1.5882451163046452
8.840267640821306,16.218868885874024,1.6020559434029464
8.873373396345627,16.315583272821215,1.6158667705012477
8.906479151869949,16.412297659768402,1.629677597599549
8.93958490739427,16.509012046715593,1.6434884246978503
8.972690662918591,16.605726433662785,1.6572992517961516
9.005796418442914,16.702440820609972,1.6711100788944528
9.038902173967235,16.799155207557163,1.6849209059927541
9.072007929491557,16.89586959450435,1.6987317330910552
9.105113685015878,16.992583981451542,1.7125425601893565
9.1382194405402,17.08929836839873,1.7263533872876577
9.171325196064522,17.18601275534592,1.740164214385959
9.204430951588844,17.282727142293112,1.7539750414842603
9.237536707113165,17.379441529240303,1.7677858685825616
9.270642462637486,17.476155916187494,1.7815966956808629
9.303748218161807,17.572870303134682,1.7954075227791642
9.336853973686129,17.66958469008187,1.8092183498774654
9.369959729210452,17.76629907702906,1.8230291769757667
9.403065484734773,17.86301346397625,1.836840004074068
9.436171240259094,17.959727850923443,1.850650831172369
9.469276995783416,18.05644223787063,1.8644616582706703
9.502382751307737,18.153156624817818,1.8782724853689716
9.53548850683206,18.24987101176501,1.892083312467273
9.568594262356381,18.3465853987122,1.9058941395655742
9.601700017880702,18.44329978565939,1.9197049666638755
9.634805773405024,18.540014172606583,1.9335157937621767
9.667911528929345,18.63672855955377,1.947326620860478
9.701017284453668,18.73344294650096,1.9611374479587793
9.73412303997799,18.83015733344815,1.9749482750570806
9.76722879550231,18.92687172039534,1.9887591021553819
9.800334551026632,19.02358610734253,2.002569929253683
9.833440306550955,19.12030049428972,2.0163807563519844
9.866546062075276,19.21701488123691,2.0301915834502857
9.899651817599597,19.3137292681841,2.044002410548587
9.932757573123919,19.41044365513129,2.0578132376468883
9.96586332864824,19.50715804207848,2.0716240647451896
9.998969084172563,19.60387242902567,2.085434891843491
10.032074839696882,19.70058681597286,2.0992457189417917
10.065180595221204,19.797301202920046,2.113056546040093
10.098286350745527,19.894015589867237,2.1268673731383942
10.131392106269848,19.99072997681443,2.1406782002366955
10.16449786179417,20.087444363761616,2.154489027334997
10.19760361731849,20.184158750708807,2.168299854433298
10.230709372842814,20.280873137656,2.1821106815315994
10.263815128367135,20.377587524603186,2.1959215086299007
10.296920883891456,20.474301911550377,2.209732335728202
10.330026639415777,20.571016298497568,2.223543162826503
10.363132394940099,20.667730685444756,2.2373539899248045
10.396238150464422,20.764445072391947,2.251164817023106
10.429343905988743,20.861159459339138,2.264975644121407
10.462449661513064,20.957873846286326,2.2787864712197083
10.495555417037385,21.054588233233517,2.2925972983180096
10.528661172561709,21.151302620180708,2.306408125416311
10.56176692808603,21.2480170071279,2.320218952514612
10.594872683610351,21.344731394075087,2.3340297796129135
10.627978439134672,21.441445781022278,2.3478406067112148
10.661084194658994,21.53816016796947,2.361651433809516
10.694189950183317,21.634874554916657,2.3754622609078173
10.727295705707638,21.731588941863848,2.3892730880061186
10.76040146123196,21.82830332881104,2.40308391510442
10.79350721675628,21.925017715758223,2.4168947422027207
10.826612972280602,22.021732102705414,2.430705569301022
10.859718727804923,22.118446489652605,2.4445163963993233
10.892824483329244,22.215160876599796,2.4583272234976246
10.925930238853567,22.311875263546984,2.472138050595926
10.959035994377889,22.408589650494175,2.485948877694227
10.99214174990221,22.505304037441363,2.4997597047925284
11.025247505426531,22.602018424388554,2.5135705318908297
11.058353260950852,22.698732811335745,2.527381358989131
11.091459016475175,22.795447198282936,2.5411921860874322
11.124564771999497,22.892161585230124,2.5550030131857335
11.157670527523818,22.988875972177315,2.568813840284035
11.19077628304814,23.085590359124502,2.582624667382336
11.223882038572462,23.182304746071694,2.5964354944806374
11.256987794096784,23.279019133018885,2.6102463215789387
11.290093549621105,23.375733519966076,2.62405714867724
11.323199305145426,23.472447906913263,2.637867975775541
11.356305060669747,23.569162293860455,2.6516788028738425
11.38941081619407,23.665876680807642,2.665489629972144
11.422516571718392,23.762591067754833,2.679300457070445
11.455622327242713,23.859305454702024,2.6931112841687463
11.488728082767034,23.956019841649216,2.7069221112670476
11.521833838291357,24.052734228596403,2.720732938365349
11.554939593815677,24.14944861554359,2.7345437654636497
11.588045349339998,24.246163002490782,2.748354592561951
11.621151104864321,24.342877389437973,2.7621654196602523
11.654256860388642,24.43959177638516,2.7759762467585536
11.687362615912964,24.536306163332352,2.789787073856855
11.720468371437285,24.63302055027954,2.803597900955156
11.753574126961606,24.72973493722673,2.8174087280534574
11.78667988248593,24.82644932417392,2.8312195551517587
11.81978563801025,24.923163711121113,2.84503038225006
11.852891393534572,25.0198780980683,2.8588412093483613
11.885997149058895,25.11659248501549,2.8726520364466626
11.919102904583216,25.21330687196268,2.886462863544964
11.952208660107537,25.31002125890987,2.900273690643265
11.985314415631859,25.40673564585706,2.9140845177415664
12.01842017115618,25.503450032804253,2.9278953448398677
12.051525926680501,25.60016441975144,2.941706171938169
12.084631682204824,25.69687880669863,2.9555169990364702
12.117737437729145,25.793593193645822,2.9693278261347715
12.150843193253467,25.89030758059301,2.983138653233073
12.183948948777788,25.9870219675402,2.996949480331374
12.217054704302111,26.083736354487392,3.0107603074296754
12.250160459826432,26.180450741434584,3.0245711345279767
12.283266215350753,26.27716512838177,3.038381961626278
12.316371970875075,26.373879515328962,3.052192788724579
12.349477726399396,26.47059390227615,3.06600361582288
12.382583481923717,26.567308289223337,3.0798144429211813
12.415689237448039,26.66402267617053,3.0936252700194826
12.44879499297236,26.760737063117716,3.107436097117784
12.481900748496683,26.857451450064907,3.121246924216085
12.515006504021004,26.9541658370121,3.1350577513143865
12.548112259545325,27.05088022395929,3.1488685784126877
12.581218015069648,27.14759461090648,3.162679405510989
12.61432377059397,27.24430899785367,3.1764902326092903
12.647429526118291,27.341023384800856,3.1903010597075916
12.680535281642612,27.437737771748047,3.204111886805893
12.713641037166934,27.534452158695238,3.217922713904194
12.746746792691255,27.63116654564243,3.2317335410024954
12.779852548215578,27.72788093258962,3.2455443681007967
12.812958303739899,27.824595319536808,3.259355195199098
12.84606405926422,27.921309706483996,3.2731660222973993
12.879169814788542,28.018024093431187,3.2869768493957006
12.912275570312863,28.114738480378378,3.300787676494002
12.945381325837186,28.21145286732557,3.314598503592303
12.978487081361507,28.30816725427276,3.3284093306906044
13.011592836885828,28.404881641219948,3.3422201577889057
13.04469859241015,28.50159602816714,3.356030984887207
13.077804347934473,28.59831041511433,3.3698418119855083
13.110910103458792,28.695024802061514,3.383652639083809
13.144015858983114,28.791739189008705,3.3974634661821104
13.177121614507437,28.888453575955896,3.4112742932804117
13.210227370031758,28.985167962903084,3.425085120378713
13.243333125556079,29.081882349850275,3.438895947477014
13.2764388810804,29.178596736797466,3.4527067745753155
13.309544636604722,29.275311123744654,3.4665176016736168
13.342650392129045,29.372025510691845,3.480328428771918
13.375756147653366,29.468739897639036,3.4941392558702193
13.408861903177687,29.565454284586224,3.5079500829685206
13.441967658702008,29.662168671533415,3.521760910066822
13.47507341422633,29.758883058480606,3.535571737165123
13.508179169750653,29.855597445427794,3.5493825642634245
13.541284925274974,29.952311832374985,3.5631933913617257
13.574390680799295,30.049026219322176,3.577004218460027
13.607496436323617,30.145740606269364,3.5908150455583283
13.64060219184794,30.242454993216555,3.6046258726566296
13.673707947372261,30.339169380163746,3.618436699754931
13.706813702896582,30.435883767110937,3.632247526853232
13.739919458420903,30.532598154058125,3.6460583539515334
13.773025213945225,30.629312541005316,3.6598691810498347
13.806130969469548,30.726026927952503,3.673680008148136
13.839236724993869,30.822741314899694,3.6874908352464373
13.872342480518189,30.919455701846882,3.701301662344738
13.905448236042512,31.016170088794073,3.7151124894430394
13.938553991566833,31.11288447574126,3.7289233165413407
13.971659747091154,31.209598862688452,3.742734143639642
14.004765502615475,31.306313249635643,3.7565449707379432
14.037871258139798,31.40302763658283,3.7703557978362445
14.07097701366412,31.499742023530022,3.784166624934546
14.104082769188441,31.596456410477213,3.797977452032847
14.137188524712762,31.6931707974244,3.8117882791311484
14.170294280237083,31.78988518437159,3.8255991062294497
14.203400035761407,31.886599571318783,3.839409933327751
14.236505791285728,31.98331395826597,3.853220760426052
14.269611546810049,32.080028345213165,3.8670315875243535
14.30271730233437,32.17674273216035,3.880842414622655
14.335823057858693,32.27345711910754,3.894653241720956
14.368928813383015,32.37017150605473,3.9084640688192573
14.402034568907336,32.46688589300192,3.9222748959175586
14.435140324431657,32.563600279949114,3.93608572301586
14.468246079955978,32.6603146668963,3.949896550114161
14.5013518354803,32.75702905384349,3.9637073772124625
14.534457591004623,32.85374344079068,3.9775182043107637
14.567563346528944,32.95045782773787,3.991329031409065
14.600669102053265,33.04717221468506,4.005139858507366
14.633774857577587,33.14388660163225,4.018950685605668
14.66688061310191,33.240600988579445,4.032761512703969
14.69998636862623,33.33731537552663,4.04657233980227
14.733092124150552,33.43402976247382,4.060383166900571
14.766197879674873,33.53074414942101,4.074193993998873
14.799303635199195,33.6274585363682,4.088004821097174
14.832409390723518,33.72417292331539,4.101815648195475
14.865515146247839,33.82088731026258,4.115626475293777
14.89862090177216,33.91760169720977,4.129437302392078
14.931726657296482,34.01431608415696,4.143248129490379
14.964832412820805,34.11103047110415,4.15705895658868
14.997938168345126,34.20774485805134,4.170869783686982
15.031043923869445,34.304459244998526,4.184680610785282
15.064149679393767,34.40117363194572,4.198491437883583
15.097255434918088,34.49788801889291,4.212302264981885
15.13036119044241,34.59460240584009,4.226113092080186
15.163466945966732,34.69131679278728,4.239923919178487
15.196572701491053,34.788031179734475,4.2537347462767885
15.229678457015375,34.884745566681666,4.26754557337509
15.262784212539696,34.98145995362886,4.281356400473391
15.295889968064017,35.07817434057604,4.295167227571692
15.32899572358834,35.17488872752323,4.308978054669994
15.362101479112662,35.27160311447042,4.322788881768295
15.395207234636983,35.368317501417614,4.336599708866596
15.428312990161304,35.465031888364805,4.3504105359648975
15.461418745685627,35.561746275312,4.364221363063199
15.494524501209948,35.65846066225919,4.3780321901615
15.52763025673427,35.75517504920637,4.391843017259801
15.560736012258591,35.85188943615356,4.405653844358103
15.593841767782912,35.948603823100754,4.419464671456404
15.626947523307233,36.045318210047945,4.433275498554705
15.660053278831557,36.142032596995136,4.447086325653006
15.693159034355878,36.23874698394232,4.460897152751308
15.726264789880199,36.33546137088952,4.474707979849609
15.759370545404522,36.4321757578367,4.48851880694791
15.792476300928843,36.528890144783894,4.502329634046212
15.825582056453165,36.625604531731085,4.516140461144513
15.858687811977486,36.722318918678276,4.529951288242814
15.891793567501807,36.81903330562547,4.543762115341115
15.924899323026128,36.91574769257265,4.557572942439417
15.958005078550451,37.01246207951984,4.571383769537718
15.991110834074773,37.109176466467034,4.585194596636019
16.024216589599092,37.205890853414225,4.5990054237343205
16.057322345123417,37.302605240361416,4.612816250832622
16.09042810064774,37.3993196273086,4.626627077930923
16.131170922351185,37.47694560932327,4.640437905029224
16.190378947985643,37.50841888275464,4.654248732127526
16.249586973620097,37.539892156186006,4.668059559225827
16.308794999254555,37.571365429617366,4.681870386324128
16.368003024889013,37.60283870304873,4.6956812134224295
16.427211050523468,37.63431197648009,4.709492040520731
16.486419076157926,37.66578524991146,4.723302867619032
16.545627101792384,37.69725852334282,4.737113694717333
16.60483512742684,37.728731796774184,4.750924521815635
16.664043153061296,37.760205070205544,4.764735348913936
16.723251178695755,37.79167834363691,4.778546176012237
16.78245920433021,37.82315161706827,4.7923570031105385
16.841667229964667,37.854624890499636,4.80616783020884
16.900875255599125,37.886098163930995,4.819978657307141
16.960083281233576,37.91757143736236,4.833789484405441
17.019291306868034,37.94904471079372,4.847600311503743
17.078499332502492,37.98051798422509,4.861411138602044
17.137707358136947,38.01199125765645,4.875221965700345
17.196915383771405,38.043464531087814,4.8890327927986466
17.256123409405863,38.07493780451917,4.902843619896948
17.315331435040317,38.10641107795054,4.916654446995249
17.374539460674775,38.1378843513819,4.93046527409355
17.433747486309233,38.169357624813266,4.944276101191852
17.492955511943688,38.200830898244625,4.958086928290153
17.552163537578146,38.23230417167599,4.971897755388454
17.611371563212604,38.26377744510735,4.9857085824867555
17.67057958884706,38.29525071853872,4.999519409585057
17.729787614481516,38.32672399197008,5.013330236683358
17.788995640115974,38.358197265401444,5.027141063781659
17.84820366575043,38.3896705388328,5.040951890879961
17.907411691384887,38.42114381226417,5.054762717978262
17.966619717019345,38.45261708569553,5.068573545076563
18.0258277426538,38.484090359126895,5.0823843721748645
18.085035768288257,38.515563632558255,5.096195199273166
18.144243793922715,38.54703690598962,5.110006026371467
18.20345181955717,38.57851017942099,5.123816853469768
18.262659845191628,38.60998345285235,5.13762768056807
18.321867870826086,38.641456726283714,5.151438507666371
18.38107589646054,38.67292999971507,5.165249334764672
18.440283922095,38.70440327314644,5.1790601618629735
18.499491947729457,38.7358765465778,5.192870988961275
18.55869997336391,38.767349820009166,5.206681816059576
18.61790799899837,38.798823093440525,5.220492643157877
18.677116024632827,38.83029636687189,5.234303470256179
18.73632405026728,38.86176964030325,5.24811429735448
18.79553207590174,38.89324291373462,5.261925124452781
18.854740101536198,38.92471618716598,5.275735951551082
18.913948127170652,38.956189460597344,5.289546778649384
18.97315615280511,38.9876627340287,5.303357605747685
19.03236417843957,39.01913600746007,5.317168432845986
19.091572204074023,39.05060928089143,5.330979259944288
19.15078022970848,39.082082554322795,5.344790087042589
19.20998825534294,39.113555827754155,5.35860091414089
19.269196280977393,39.14502910118552,5.372411741239191
19.32840430661185,39.17650237461688,5.386222568337493
19.38761233224631,39.20797564804825,5.400033395435794
19.446820357880764,39.239448921479614,5.413844222534095
19.506028383515222,39.27092219491097,5.4276550496323965
19.56523640914968,39.30239546834234,5.441465876730698
19.624444434784134,39.3338687417737,5.455276703828999
19.68365246041859,39.36534201520506,5.4690875309272995
19.742860486053047,39.396815288636425,5.482898358025601
19.8020685116875,39.428288562067785,5.496709185123902
19.86127653732196,39.45976183549915,5.510520012222203
19.920484562956418,39.49123510893051,5.524330839320505
19.979692588590872,39.52270838236188,5.538141666418806
20.03890061422533,39.55418165579324,5.551952493517107
20.098108639859788,39.5856549292246,5.5657633206154085
20.157316665494243,39.61712820265596,5.57957414771371
20.2165246911287,39.64860147608733,5.593384974812011
20.27573271676316,39.680074749518695,5.607195801910312
20.334940742397613,39.711548022950055,5.621006629008614
20.39414876803207,39.74302129638142,5.634817456106915
20.45335679366653,39.77449456981278,5.648628283205216
20.512564819300984,39.80596784324415,5.662439110303517
20.571772844935442,39.83744111667551,5.676249937401819
20.6309808705699,39.86891439010687,5.69006076450012
20.690188896204354,39.90038766353823,5.703871591598421
20.749396921838812,39.9318609369696,5.717682418696723
20.80860494747327,39.96333421040096,5.731493245795024
20.867812973107725,39.994807483832325,5.745304072893325
20.927020998742183,40.026280757263685,5.759114899991626
20.98622902437664,40.05775403069505,5.772925727089928
21.045437050011095,40.08922730412641,5.786736554188229
21.104645075645553,40.12070057755778,5.80054738128653
21.16385310128001,40.152173850989136,5.8143582083848315
21.223061126914466,40.1836471244205,5.828169035483133
21.282269152548924,40.21512039785186,5.841979862581434
21.341477178183382,40.24659367128323,5.855790689679735
21.400685203817837,40.278066944714595,5.869601516778037
21.459893229452295,40.309540218145955,5.883412343876338
21.519101255086753,40.34101349157732,5.897223170974639
21.578309280721207,40.37248676500868,5.9110339980729405
21.637517306355665,40.40396003844005,5.924844825171242
21.696725331990123,40.43543331187141,5.938655652269543
21.755933357624578,40.46690658530277,5.952466479367844
21.815141383259036,40.49837985873413,5.966277306466146
21.874349408893494,40.5298531321655,5.980088133564447
21.93355743452795,40.56132640559686,5.993898960662748
21.992765460162406,40.592799679028225,6.0077097877610495
22.051973485796864,40.624272952459584,6.021520614859351
22.11118151143132,40.65574622589095,6.035331441957652
22.170389537065777,40.68721949932231,6.049142269055953
22.229597562700235,40.71869277275368,6.062953096154255
22.28880558833469,40.750166046185036,6.076763923252556
22.348013613969147,40.7816393196164,6.090574750350857
22.407221639603605,40.81311259304776,6.104385577449158
22.46642966523806,40.84458586647913,6.118196404547459
22.525637690872514,40.87605913991049,6.13200723164576
22.584845716506972,40.907532413341855,6.145818058744061
22.64405374214143,40.939005686773214,6.159628885842363
22.703261767775885,40.97047896020458,6.173439712940664
22.762469793410343,41.00195223363594,6.187250540038965
22.8216778190448,41.03342550706731,6.2010613671372665
22.880885844679256,41.064898780498666,6.214872194235568
22.940093870313714,41.09637205393003,6.228683021333869
22.99930189594817,41.12784532736139,6.24249384843217
23.058509921582626,41.15931860079276,6.256304675530472
23.117717947217084,41.19079187422412,6.270115502628773
23.176925972851542,41.222265147655484,6.283926329727074
23.236133998485997,41.25373842108685,6.2977371568253755
23.295342024120455,41.28521169451821,6.311547983923677
23.354550049754913,41.31668496794957,6.325358811021978
23.413758075389367,41.348158241380936,6.339169638120279
23.472966101023825,41.3796315148123,6.352980465218581
23.532174126658283,41.41110478824366,6.366791292316882
23.591382152292738,41.44257806167503,6.380602119415183
23.650590177927196,41.47405133510639,6.3944129465134845
23.709798203561654,41.505524608537755,6.408223773611786
23.76900622919611,41.536997881969114,6.422034600710087
23.828214254830566,41.56847115540048,6.435845427808388
23.887422280465024,41.59994442883184,6.44965625490669
23.94663030609948,41.63141770226321,6.463467082004991
24.005838331733937,41.662890975694566,6.477277909103292
24.065046357368395,41.69436424912593,6.491088736201593
24.12425438300285,41.72583752255729,6.504899563299895
24.183462408637308,41.75731079598866,6.518710390398196
24.242670434271766,41.78878406942002,6.532521217496497
24.30187845990622,41.820257342851384,6.546332044594799
24.361086485540678,41.851730616282744,6.5601428716931
24.420294511175136,41.88320388971411,6.573953698791401
24.47950253680959,41.91467716314547,6.587764525889702
24.53871056244405,41.946150436576836,6.601575352988004
24.597918588078507,41.9776237100082,6.615386180086305
24.65712661371296,42.00909698343956,6.629197007184606
24.71633463934742,42.04057025687093,6.6430078342829075
24.771471640282442,42.08221882093489,6.656818661381209
24.812491290988422,42.15915288487874,6.67062948847951
24.853510941694402,42.23608694882259,6.684440315577811
24.894530592400383,42.31302101276644,6.698251142676113
24.935550243106363,42.38995507671029,6.712061969774414
24.976569893812346,42.46688914065414,6.725872796872715
25.017589544518327,42.543823204597984,6.7396836239710165
25.058609195224303,42.62075726854183,6.753494451069317
25.099628845930283,42.697691332485675,6.767305278167618
25.140648496636263,42.77462539642953,6.7811161052659195
25.181668147342243,42.85155946037337,6.794926932364221
25.222687798048224,42.92849352431722,6.808737759462522
25.263707448754204,43.00542758826107,6.822548586560823
25.304727099460184,43.082361652204916,6.836359413659125
25.345746750166164,43.15929571614877,6.850170240757426
25.386766400872144,43.236229780092614,6.863981067855727
25.427786051578124,43.31316384403647,6.877791894954028
25.468805702284104,43.39009790798031,6.89160272205233
25.509825352990084,43.46703197192416,6.905413549150631
25.550845003696065,43.54396603586801,6.919224376248932
25.591864654402045,43.620900099811855,6.9330352033472336
25.632884305108025,43.69783416375571,6.946846030445535
25.673903955814005,43.77476822769955,6.960656857543836
25.714923606519985,43.8517022916434,6.974467684642137
25.755943257225965,43.92863635558725,6.988278511740439
25.796962907931945,44.0055704195311,7.00208933883874
25.837982558637925,44.08250448347495,7.015900165937041
25.879002209343906,44.159438547418794,7.0297109930353425
25.920021860049886,44.23637261136265,7.043521820133644
25.96104151075587,44.31330667530649,7.057332647231945
26.00206116146185,44.39024073925034,7.071143474330246
26.04308081216783,44.46717480319419,7.084954301428548
26.08410046287381,44.544108867138036,7.098765128526849
26.12512011357979,44.62104293108189,7.11257595562515
26.16613976428577,44.69797699502573,7.1263867827234515
26.20715941499175,44.774911058969586,7.140197609821753
26.24817906569773,44.85184512291343,7.154008436920054
26.28919871640371,44.92877918685728,7.167819264018355
26.33021836710969,45.00571325080113,7.181630091116657
26.37123801781567,45.082647314744975,7.195440918214958
26.41225766852165,45.15958137868883,7.209251745313259
26.45327731922763,45.23651544263267,7.2230625724115605
26.49429696993361,45.31344950657652,7.236873399509862
26.53531662063959,45.39038357052037,7.250684226608163
26.57633627134557,45.467317634464216,7.264495053706464
26.61735592205155,45.54425169840807,7.278305880804766
26.65837557275753,45.621185762351914,7.292116707903067
26.69939522346351,45.698119826295766,7.305927535001368
26.740414874169492,45.77505389023961,7.319738362099669
26.781434524875472,45.85198795418346,7.333549189197971
26.822454175581452,45.92892201812731,7.347360016296272
26.863473826287432,46.005856082071155,7.361170843394573
26.904493476993412,46.08279014601501,7.374981670492875
26.945513127699392,46.15972420995885,7.388792497591176
26.98653277840537,46.2366582739027,7.402603324689476
27.027552429111353,46.31359233784654,7.4164141517877775
27.068572079817333,46.390526401790396,7.430224978886079
27.109591730523313,46.46746046573424,7.44403580598438
27.150611381229293,46.544394529678094,7.457846633082681
27.191631031935273,46.62132859362194,7.471657460180983
27.232650682641253,46.69826265756579,7.485468287279284
27.273670333347233,46.77519672150964,7.499279114377585
27.314689984053214,46.85213078545348,7.5130899414758865
27.355709634759194,46.929064849397335,7.526900768574188
27.396729285465174,47.00599891334118,7.540711595672489
27.437748936171154,47.08293297728503,7.55452242277079
27.478768586877134,47.15986704122888,7.568333249869092
27.519788237583114,47.236801105172724,7.582144076967393
27.560807888289094,47.313735169116576,7.595954904065694
27.601827538995074,47.39066923306042,7.6097657311639955
27.642847189701055,47.467603297004274,7.623576558262297
27.683866840407035,47.54453736094812,7.637387385360598
27.724886491113015,47.621471424891965,7.651198212458899
27.765906141818995,47.69840548883582,7.665009039557201
27.806925792524975,47.77533955277966,7.678819866655502
27.847945443230955,47.852273616723515,7.692630693753803
27.888965093936935,47.92920768066736,7.706441520852104
27.929984744642915,48.00614174461121,7.720252347950406
27.971004395348896,48.08307580855506,7.734063175048707
28.012024046054876,48.160009872498904,7.747874002147008
28.053043696760856,48.236943936442756,7.76168482924531
28.094063347466836,48.3138780003866,7.775495656343611
28.135082998172816,48.390812064330454,7.789306483441912
28.176102648878796,48.4677461282743,7.803117310540213
28.217122299584776,48.54468019221815,7.816928137638515
28.258141950290756,48.621614256162,7.830738964736816
28.29916160099674,48.69854832010584,7.844549791835117
28.340181251702717,48.775482384049695,7.8583606189334185
28.3812009024087,48.85241644799354,7.87217144603172
28.42222055311468,48.92935051193739,7.885982273130021
28.46324020382066,49.00628457588124,7.899793100228322
28.50425985452664,49.08321863982509,7.913603927326624
28.54527950523262,49.16015270376894,7.927414754424925
28.5862991559386,49.23708676771278,7.941225581523226
28.62731880664458,49.314020831656634,7.9550364086215275
28.66833845735056,49.39095489560048,7.968847235719829
28.70935810805654,49.46788895954433,7.98265806281813
28.75037775876252,49.54482302348818,7.996468889916431
28.7913974094685,49.62175708743203,8.010279717014733
28.83241706017448,49.69869115137587,8.024090544113033
28.873436710880462,49.77562521531972,8.037901371211335
28.91445636158644,49.852559279263566,8.051712198309636
28.955476012292422,49.92949334320742,8.065523025407938
28.9964956629984,50.006427407151264,8.079333852506238
29.037515313704382,50.08336147109512,8.09314467960454
29.07853496441036,50.16029553503896,8.10695550670284
29.119554615116343,50.237229598982815,8.120766333801143
29.16057426582232,50.31416366292666,8.134577160899443
29.201593916528303,50.39109772687051,8.148387987997745
29.24261356723428,50.46803179081435,8.162198815096046
29.283633217940263,50.54496585475821,8.176009642194348
29.32465286864624,50.62189991870205,8.189820469292648
29.365672519352223,50.69883398264591,8.20363129639095
29.4066921700582,50.77576804658975,8.217442123489251
29.447711820764184,50.8527021105336,8.231252950587553
29.488731471470164,50.929636174477444,8.245063777685854
29.529751122176144,51.0065702384213,8.258874604784156
29.570770772882124,51.08350430236514,8.272685431882456
29.611790423588108,51.160438366308995,8.286496258980758
29.652810074294084,51.23737243025284,8.300307086079059
29.693829725000068,51.31430649419669,8.31411791317736
29.734849375706045,51.39124055814054,8.327928740275661
29.77586902641203,51.46817462208439,8.341739567373963
29.816888677118005,51.545108686028236,8.355550394472264
29.85790832782398,51.622042749972074,8.369361221570564
29.898927978529965,51.69897681391593,8.383172048668866
29.93994762923594,51.77591087785977,8.396982875767167
29.980967279941925,51.852844941803625,8.410793702865469
30.021986930647902,51.92977900574747,8.42460452996377
30.063006581353886,52.00671306969132,8.438415357062071
30.104026232059866,52.08364713363517,8.452226184160372
30.145045882765846,52.16058119757902,8.466037011258674
30.186065533471826,52.237515261522866,8.479847838356974
30.227085184177806,52.31444932546672,8.493658665455277
30.268104834883786,52.391383389410564,8.507469492553577
30.309124485589766,52.468317453354416,8.52128031965188
30.350144136295746,52.54525151729826,8.53509114675018
30.39116378700173,52.622185581242114,8.548901973848482
30.432183437707707,52.69911964518596,8.562712800946782
30.47320308841369,52.77605370912981,8.576523628045084
30.514222739119667,52.85298777307365,8.590334455143385
30.55524238982565,52.9299218370175,8.604145282241687
30.596262040531627,53.00685590096135,8.617956109339987
30.63728169123761,53.0837899649052,8.63176693643829
30.678301341943587,53.160724028849046,8.64557776353659
30.71932099264957,53.2376580927929,8.659388590634892
30.760340643355548,53.314592156736744,8.673199417733192
30.80136029406153,53.391526220680596,8.687010244831495
30.842379944767508,53.46846028462444,8.700821071929795
30.88339959547349,53.545394348568294,8.714631899028097
30.92441924617947,53.62232841251214,8.728442726126397
30.965438896885452,53.69926247645599,8.7422535532247
31.00645854759143,53.77619654039984,8.756064380323
31.047478198297412,53.85313060434369,8.769875207421302
31.08849784900339,53.93006466828753,8.783686034519603
31.129517499709372,54.00699873223139,8.797496861617905
31.17053715041535,54.083932796175226,8.811307688716205
31.211556801121333,54.160866860119086,8.825118515814507
31.252576451827313,54.237800924062924,8.838929342912808
31.293596102533293,54.31473498800678,8.85274017001111
31.334615753239273,54.39166905195062,8.86655099710941
31.375635403945253,54.468603115894474,8.880361824207712
31.416655054651233,54.54553717983832,8.894172651306013
31.457674705357213,54.62247124378217,8.907983478404315
31.498694356063194,54.69940530772602,8.921794305502615
31.539714006769174,54.77633937166987,8.935605132600918
31.580733657475154,54.853273435613715,8.949415959699218
31.621753308181137,54.93020749955757,8.96322678679752
31.662772958887114,55.00714156350141,8.97703761389582
31.703792609593098,55.084075627445266,8.990848440994123
31.744812260299074,55.16100969138911,9.004659268092423
31.78583191100505,55.23794375533295,9.018470095190724
31.826851561711035,55.3148778192768,9.032280922289026
31.86787121241701,55.39181188322065,9.046091749387326
31.908890863122995,55.4687459471645,9.059902576485628
31.949910513828975,55.545680011108345,9.073713403583929
31.990930164534955,55.6226140750522,9.08752423068223
32.031949815240935,55.69954813899604,9.101335057780531
32.07296946594692,55.776482202939896,9.115145884878833
32.113989116652895,55.85341626688374,9.128956711977134
32.15500876735888,55.93035033082759,9.142767539075436
32.196028418064856,56.00728439477144,9.156578366173736
32.23704806877084,56.08421845871529,9.170389193272038
32.278067719476816,56.16115252265914,9.184200020370339
32.3190873701828,56.23808658660299,9.198010847468641
32.360107020888776,56.31502065054683,9.211821674566941
32.40112667159476,56.39195471449069,9.225632501665244
32.44214632230074,56.468888778434525,9.239443328763544
32.48316597300672,56.545822842378385,9.253254155861846
32.5241856237127,56.62275690632222,9.267064982960147
32.56520527441868,56.699690970266076,9.280875810058449
32.60622492512466,56.77662503420992,9.29468663715675
32.64724457583064,56.853559098153774,9.308497464255051
32.68826422653662,56.93049316209762,9.322308291353352
32.7292838772426,57.00742722604147,9.336119118451654
32.77030352794858,57.08436128998532,9.349929945549954
32.81132317865456,57.16129535392917,9.363740772648256
32.85234282936054,57.238229417873015,9.377551599746557
32.89336248006652,57.31516348181687,9.391362426844859
32.9343821307725,57.39209754576071,9.40517325394316
32.97540178147848,57.469031609704565,9.418984081041462
33.01642143218446,57.54596567364841,9.432794908139762
33.05744108289044,57.62289973759226,9.446605735238064
33.09846073359642,57.6998338015361,9.460416562336365
33.1394803843024,57.776767865479954,9.474227389434667
33.18050003500838,57.8537019294238,9.488038216532967
33.22151968571436,57.93063599336765,9.50184904363127
33.26253933642034,58.0075700573115,9.51565987072957
33.30355898712632,58.08450412125535,9.529470697827872
33.3445786378323,58.161438185199195,9.543281524926172
33.38559828853828,58.23837224914305,9.557092352024474
33.42661793924426,58.31530631308689,9.570903179122775
33.46763758995024,58.392240377030745,9.584714006221077
33.50865724065622,58.46917444097459,9.598524833319377
33.5496768913622,58.54610850491844,9.61233566041768
33.59069654206819,58.62304256886229,9.62614648751598
33.631716192774164,58.69997663280614,9.639957314614282
33.67273584348014,58.77691069674998,9.653768141712582
33.713755494186124,58.853844760693825,9.667578968810883
33.75477514489211,58.93077882463768,9.681389795909185
33.795794795598084,59.00771288858152,9.695200623007485
33.83681444630407,59.084646952525375,9.709011450105788
33.877834097010044,59.16158101646922,9.722822277204088
33.91885374771603,59.23851508041307,9.73663310430239
33.959873398422005,59.31544914435692,9.75044393140069
34.00089304912799,59.39238320830077,9.764254758498993
34.041912699833965,59.469317272244616,9.778065585597293
34.08293235053995,59.54625133618847,9.791876412695595
34.123952001245925,59.623185400132314,9.805687239793896
34.16497165195191,59.70011946407617,9.819498066892198
34.205991302657885,59.777053528020005,9.833308893990498
34.24701095336387,59.853987591963865,9.8471197210888
34.288030604069846,59.9309216559077,9.8609305481871
34.32905025477583,60.007855719851555,9.874741375285403
34.370069905481806,60.0847897837954,9.888552202383703
34.41108955618779,60.16172384773925,9.902363029482006
34.452109206893766,60.2386579116831,9.916173856580306
34.49312885759975,60.31559197562695,9.929984683678608
34.53414850830573,60.3925260395708,9.943795510776908
34.57516815901171,60.46946010351465,9.95760633787521
34.61618780971769,60.546394167458494,9.971417164973511
34.65720746042367,60.62332823140235,9.985227992071813
34.69822711112965,60.70026229534619,9.999038819170114
34.73924676183563,60.777196359290045,10.012849646268416
34.78026641254161,60.85413042323389,10.026660473366716
34.82128606324759,60.93106448717774,10.040471300465018
34.86230571395357,61.00799855112158,10.054282127563319
34.90332536465955,61.08493261506544,10.068092954661621
34.94434501536553,61.16186667900928,10.081903781759921
34.98536466607151,61.23880074295313,10.095714608858223
35.02638431677749,61.31573480689698,10.109525435956524
35.06740396748347,61.39266887084083,10.123336263054826
35.10842361818945,61.469602934784675,10.137147090153126
35.14944326889543,61.54653699872853,10.150957917251429
35.19046291960141,61.62347106267237,10.164768744349729
35.23148257030739,61.700405126616225,10.178579571448031
35.27250222101337,61.77733919056007,10.192390398546332
35.31352187171935,61.85427325450392,10.206201225644634
35.35454152242533,61.93120731844777,10.220012052742934
35.39556117313131,62.00814138239162,10.233822879841236
35.43658082383729,62.085075446335466,10.247633706939537
35.47760047454327,62.16200951027932,10.261444534037839
35.51862012524925,62.23894357422316,10.27525536113614
35.559639775955226,62.315877638167,10.28906618823444
35.60065942666121,62.392811702110855,10.302877015332742
35.641679077367186,62.4697457660547,10.316687842431042
35.68269872807317,62.54667982999855,10.330498669529344
35.723718378779154,62.6236138939424,10.344309496627645
35.76473802948513,62.70054795788625,10.358120323725947
35.805757680191114,62.777482021830096,10.371931150824247
35.84677733089709,62.85441608577395,10.38574197792255
35.887796981603074,62.931350149717794,10.39955280502085
35.92881663230905,63.008284213661646,10.413363632119152
35.969836283015034,63.08521827760549,10.427174459217452
36.01085593372102,63.162152341549344,10.440985286315755
36.051875584426995,63.23908640549318,10.454796113414055
36.09289523513297,63.31602046943704,10.468606940512357
36.133914885838955,63.39295453338088,10.482417767610658
36.17493453654494,63.46988859732474,10.49622859470896
36.215954187250915,63.54682266126858,10.51003942180726
36.2569738379569,63.62375672521243,10.523850248905562
36.297993488662875,63.700690789156276,10.537661076003863
36.33901313936886,63.77762485310013,10.551471903102165
36.380032790074836,63.854558917043974,10.565282730200465
36.42105244078082,63.93149298098783,10.579093557298767
36.462072091486796,64.00842704493166,10.592904384397068
36.50309174219278,64.08536110887553,10.60671521149537
36.544111392898756,64.16229517281937,10.62052603859367
36.58513104360474,64.23922923676322,10.634336865691973
36.62615069431072,64.31616330070706,10.648147692790273
36.6671703450167,64.39309736465091,10.661958519888575
36.70818999572268,64.47003142859477,10.675769346986876
36.74920964642866,64.54696549253862,10.689580174085178
36.79022929713464,64.62389955648246,10.703391001183478
36.83124894784062,64.70083362042631,10.71720182828178
36.8722685985466,64.77776768437016,10.73101265538008
36.91328824925258,64.85470174831401,10.744823482478383
36.95430789995856,64.93163581225785,10.758634309576683
36.99532755066454,65.0085698762017,10.772445136674985
37.03634720137052,65.08550394014554,10.786255963773286
37.0773668520765,65.16243800408941,10.800066790871588
37.11838650278248,65.23937206803325,10.813877617969888
37.15940615348846,65.3163061319771,10.82768844506819
37.20042580419444,65.39324019592094,10.841499272166491
37.24144545490042,65.47017425986479,10.855310099264793
37.2824651056064,65.54710832380864,10.869120926363093
37.32348475631238,65.6240423877525,10.882931753461396
37.36450440701836,65.70097645169633,10.896742580559696
37.40552405772434,65.77791051564019,10.910553407657998
37.44654370843032,65.85484457958404,10.924364234756299
37.487563359136296,65.93177864352788,10.938175061854599
37.52858300984228,66.00871270747173,10.951985888952901
37.569602660548256,66.08564677141558,10.965796716051202
37.61062231125424,66.16258083535944,10.979607543149504
37.651641961960216,66.23951489930327,10.993418370247804
37.6926616126662,66.31644896324713,11.007229197346106
37.733681263372176,66.39338302719096,11.021040024444407
37.77470091407816,66.47031709113483,11.034850851542709
37.81572056478414,66.54725115507867,11.04866167864101
37.85674021549012,66.62418521902252,11.062472505739311
37.8977598661961,66.70111928296636,11.076283332837612
37.93877951690208,66.77805334691021,11.090094159935914
37.97979916760806,66.85498741085406,11.103904987034214
38.02081881831404,66.93192147479792,11.117715814132517
38.06183846902002,67.00885553874176,11.131526641230817
38.102858119726,67.08578960268561,11.145337468329119
38.143877770431985,67.16272366662946,11.15914829542742
38.18489742113796,67.23965773057331,11.172959122525722
38.22591707184394,67.31659179451715,11.186769949624022
38.26693672254992,67.393525858461,11.200580776722324
38.307956373255905,67.47045992240484,11.214391603820625
38.34897602396188,67.54739398634871,11.228202430918927
38.389995674667865,67.62432805029255,11.242013258017227
38.43101532537385,67.7012621142364,11.25582408511553
38.472034976079826,67.77819617818024,11.26963491221383
38.5130546267858,67.85513024212409,11.283445739312132
38.554074277491786,67.93206430606794,11.297256566410432
38.59509392819777,68.0089983700118,11.311067393508734
38.636113578903746,68.08593243395563,11.324878220607035
38.67713322960972,68.16286649789949,11.338689047705337
38.719560619751995,68.23740361074792,11.352499874803637
38.76437711487802,68.30787280615348,11.36631070190194
38.809193610004044,68.37834200155905,11.38012152900024
38.85401010513007,68.44881119696463,11.393932356098542
38.89882660025609,68.51928039237019,11.407743183196843
38.94364309538213,68.58974958777576,11.421554010295145
38.98845959050815,68.66021878318132,11.435364837393445
39.03327608563418,68.73068797858689,11.449175664491747
39.0780925807602,68.80115717399245,11.462986491590048
39.12290907588623,68.87162636939803,11.47679731868835
39.167725571012255,68.9420955648036,11.49060814578665
39.21254206613828,69.01256476020916,11.504418972884952
39.257358561264304,69.08303395561472,11.518229799983253
39.30217505639033,69.1535031510203,11.532040627081555
39.34699155151635,69.22397234642585,11.545851454179855
39.39180804664238,69.29444154183143,11.559662281278158
39.43662454176841,69.364910737237,11.573473108376458
39.48144103689443,69.43537993264256,11.587283935474758
39.52625753202046,69.50584912804813,11.60109476257306
39.57107402714648,69.57631832345369,11.61490558967136
39.61589052227251,69.64678751885927,11.628716416769663
39.660707017398536,69.71725671426482,11.642527243867963
39.705523512524564,69.7877259096704,11.656338070966266
39.750340007650586,69.85819510507596,11.670148898064566
39.795156502776614,69.92866430048153,11.683959725162868
39.839972997902635,69.9991334958871,11.697770552261169
39.88478949302866,70.06960269129267,11.71158137935947
39.92960598815469,70.14007188669824,11.725392206457771
39.97442248328072,70.2105410821038,11.739203033556073
40.01923897840674,70.28101027750937,11.753013860654374
40.06405547353277,70.35147947291493,11.766824687752676
40.1088719686588,70.4219486683205,11.780635514850976
40.153688463784825,70.49241786372608,11.794446341949278
40.198504958910846,70.56288705913164,11.808257169047579
40.243321454036874,70.6333562545372,11.822067996145881
40.288137949162895,70.70382544994277,11.835878823244181
40.33295444428892,70.77429464534835,11.849689650342484
40.37777093941495,70.8447638407539,11.863500477440784
40.42258743454098,70.91523303615948,11.877311304539086
40.467403929667,70.98570223156504,11.891122131637387
40.51222042479303,71.05617142697061,11.904932958735689
40.55703691991905,71.12664062237617,11.918743785833989
40.601853415045085,71.19710981778175,11.932554612932291
40.646669910171106,71.26757901318732,11.946365440030592
40.691486405297134,71.33804820859288,11.960176267128894
40.736302900423155,71.40851740399845,11.973987094227194
40.78111939554918,71.47898659940401,11.987797921325496
40.82593589067521,71.54945579480957,12.001608748423797
40.87075238580124,71.61992499021515,12.015419575522099
40.91556888092726,71.69039418562072,12.0292304026204
40.96038537605329,71.76086338102628,12.043041229718702
41.00520187117931,71.83133257643185,12.056852056817002
41.05001836630534,71.90180177183743,12.070662883915304
41.094834861431366,71.97227096724298,12.084473711013604
41.139651356557394,72.04274016264856,12.098284538111907
41.184467851683415,72.11320935805412,12.112095365210207
41.22928434680944,72.18367855345969,12.12590619230851
41.274100841935464,72.25414774886525,12.13971701940681
41.31891733706149,72.32461694427083,12.153527846505112
41.36373383218752,72.3950861396764,12.167338673603412
41.40855032731355,72.46555533508196,12.181149500701714
41.45336682243957,72.53602453048752,12.194960327800015
41.4981833175656,72.60649372589309,12.208771154898317
41.54299981269162,72.67696292129865,12.222581981996617
41.58781630781765,72.74743211670422,12.236392809094918
41.632632802943675,72.8179013121098,12.25020363619322
41.677449298069696,72.88837050751536,12.26401446329152
41.722265793195724,72.95883970292093,12.277825290389822
41.767082288321745,73.02930889832649,12.291636117488123
41.81189878344778,73.09977809373206,12.305446944586425
41.8567152785738,73.17024728913762,12.319257771684725
41.90153177369983,73.2407164845432,12.333068598783028
41.94634826882585,73.31118567994876,12.346879425881328
41.99116476395188,73.38165487535433,12.36069025297963
42.03598125907791,73.4521240707599,12.37450108007793
42.080797754203935,73.52259326616547,12.388311907176233
42.125614249329956,73.59306246157102,12.402122734274533
42.170430744455984,73.6635316569766,12.415933561372835
42.215247239582006,73.73400085238217,12.429744388471136
42.260063734708034,73.80447004778773,12.443555215569438
42.30488022983406,73.8749392431933,12.457366042667738
42.34969672496009,73.94540843859888,12.47117686976604
42.39451322008611,74.01587763400444,12.48498769686434
42.43932971521214,74.08634682941,12.498798523962643
42.48414621033817,74.15681602481557,12.512609351060943
42.528962705464195,74.22728522022113,12.526420178159245
42.57377920059022,74.2977544156267,12.540231005257546
42.618595695716245,74.36822361103228,12.554041832355848
42.663412190842266,74.43869280643784,12.567852659454148
42.708228685968294,74.5091620018434,12.58166348655245
42.75304518109432,74.57963119724897,12.595474313650751
42.79786167622035,74.65010039265455,12.609285140749053
42.84267817134637,74.7205695880601,12.623095967847354
42.8874946664724,74.79103878346568,12.636906794945656
42.93231116159842,74.86150797887124,12.650717622043956
42.97712765672445,74.93197717427681,12.664528449142258
43.02194415185048,75.00244636968237,12.678339276240559
43.066760646976505,75.07291556508795,12.69215010333886
43.111577142102526,75.14338476049352,12.705960930437161
43.156393637228554,75.21385395589908,12.719771757535463
43.201210132354575,75.28432315130465,12.733582584633764
43.2460266274806,75.35479234671021,12.747393411732066
43.29084312260663,75.42526154211578,12.761204238830366
43.33565961773266,75.49573073752136,12.775015065928669
43.38047611285868,75.56619993292692,12.788825893026969
43.42529260798471,75.63666912833249,12.802636720125271
43.47010910311074,75.70713832373805,12.816447547223571
43.514925598236765,75.77760751914363,12.830258374321874
43.559742093362786,75.84807671454918,12.844069201420174
43.60455858848881,75.91854590995474,12.857880028518474
43.649375083614835,75.98901510536032,12.871690855616777
43.69419157874086,76.05948430076589,12.885501682715077
43.73900807386689,76.12995349617145,12.89931250981338
43.78382456899291,76.20042269157702,12.91312333691168
43.82864106411894,76.27089188698258,12.926934164009982
43.87345755924496,76.34136108238815,12.940744991108282
43.918274054371,76.41183027779373,12.954555818206584
43.96309054949702,76.48229947319929,12.968366645304885
44.014994749596255,76.56128670888906,12.982177472403187
44.09016534014523,76.66823561226505,12.995988299501487
44.165335930694205,76.77518451564104,13.00979912659979
44.24050652124318,76.88213341901702,13.02360995369809
44.315677111792155,76.98908232239303,13.037420780796392
44.39084770234112,77.09603122576901,13.051231607894692
44.466018292890105,77.202980129145,13.065042434992995
44.54118888343907,77.309929032521,13.078853262091295
44.61635947398805,77.41687793589699,13.092664089189597
44.69153006453702,77.52382683927297,13.106474916287898
44.766700655086,77.63077574264896,13.1202857433862
44.84187124563497,77.73772464602496,13.1340965704845
44.91704183618395,77.84467354940095,13.147907397582802
44.99221242673292,77.95162245277693,13.161718224681103
45.0673830172819,78.05857135615294,13.175529051779405
45.14255360783087,78.16552025952892,13.189339878877705
45.21772419837985,78.27246916290491,13.203150705976007
45.29289478892881,78.3794180662809,13.216961533074308
45.3680653794778,78.4863669696569,13.23077236017261
45.44323597002676,78.59331587303288,13.24458318727091
45.51840656057574,78.70026477640887,13.258394014369212
45.59357715112471,78.80721367978487,13.272204841467513
45.66874774167369,78.91416258316086,13.286015668565815
45.74391833222266,79.02111148653684,13.299826495664115
45.81908892277164,79.12806038991285,13.313637322762418
45.89425951332061,79.23500929328883,13.327448149860718
45.96943010386959,79.34195819666482,13.34125897695902
46.04460069441856,79.44890710004081,13.35506980405732
46.11977128496754,79.5558560034168,13.368880631155623
46.19494187551651,79.66280490679279,13.382691458253923
46.27011246606549,79.76975381016878,13.396502285352225
46.345283056614456,79.87670271354477,13.410313112450526
46.42045364716344,79.98365161692077,13.424123939548828
46.495624237712406,80.09060052029675,13.437934766647128
46.570794828261384,80.19754942367275,13.45174559374543
46.645965418810356,80.30449832704873,13.46555642084373
46.721136009359334,80.41144723042473,13.479367247942033
46.796306599908306,80.51839613380072,13.493178075040333
46.87147719045728,80.6253450371767,13.506988902138634
46.946647781006256,80.7322939405527,13.520799729236936
47.02181837155523,80.83924284392867,13.534610556335236
47.096988962104206,80.94619174730468,13.548421383433539
47.17215955265317,81.05314065068066,13.562232210531839
47.24733014320215,81.16008955405665,13.576043037630141
47.32250073375112,81.26703845743265,13.589853864728441
47.3976713243001,81.37398736080864,13.603664691826744
47.47284191484907,81.48093626418462,13.617475518925044
47.54801250539805,81.58788516756063,13.631286346023346
47.62318309594702,81.69483407093661,13.645097173121647
47.698353686496,81.8017829743126,13.658908000219949
47.77352427704497,81.90873187768858,13.67271882731825
47.84869486759395,82.01568078106459,13.686529654416551
47.92386545814292,82.12262968444057,13.700340481514852
47.9990360486919,82.22957858781656,13.714151308613154
48.07420663924087,82.33652749119256,13.727962135711454
48.14937722978985,82.44347639456855,13.741772962809756
48.22454782033881,82.55042529794453,13.755583789908057
48.29971841088779,82.65737420132054,13.769394617006359
48.37488900143676,82.76432310469652,13.78320544410466
48.45005959198574,82.87127200807251,13.797016271202962
48.52523018253471,82.9782209114485,13.810827098301262
48.60040077308369,83.0851698148245,13.824637925399564
48.67557136363266,83.19211871820048,13.838448752497865
48.75074195418164,83.29906762157647,13.852259579596167
48.82591254473061,83.40601652495246,13.866070406694467
48.90108313527959,83.51296542832846,13.87988123379277
48.976253725828556,83.61991433170444,13.89369206089107
49.05142431637754,83.72686323508044,13.907502887989372
49.126594906926506,83.83381213845642,13.921313715087672
49.20176549747549,83.94076104183242,13.935124542185974
49.276936088024456,84.04770994520841,13.948935369284275
49.352106678573435,84.1546588485844,13.962746196382577
49.427277269122406,84.26160775196038,13.976557023480877
49.502447859671385,84.36855665533638,13.99036785057918
49.577618450220356,84.47550555871237,14.00417867767748
49.652789040769335,84.58245446208836,14.017989504775782
49.7255103792668,84.6848384097481,14.031800331874082
49.7853402269284,84.76319498760489,14.045611158972385
49.845170074589994,84.84155156546167,14.059421986070685
49.9049999222516,84.91990814331847,14.073232813168987
49.96482976991319,84.99826472117525,14.087043640267288
50.02465961757479,85.07662129903204,14.10085446736559
50.08448946523639,85.15497787688882,14.11466529446389
50.144319312897984,85.23333445474562,14.128476121562192
50.20414916055958,85.3116910326024,14.142286948660493
50.26397900822117,85.39004761045918,14.156097775758793
50.323808855882774,85.46840418831597,14.169908602857095
50.38363870354437,85.54676076617275,14.183719429955396
50.44346855120597,85.62511734402955,14.197530257053698
50.503298398867564,85.70347392188633,14.211341084151998
50.56312824652917,85.78183049974311,14.2251519112503
50.62295809419076,85.8601870775999,14.2389627383486
50.68278794185236,85.93854365545668,14.252773565446903
50.74261778951396,86.01690023331346,14.266584392545203
50.802447637175554,86.09525681117026,14.280395219643506
50.86227748483715,86.17361338902704,14.294206046741806
50.92210733249875,86.25196996688383,14.308016873840108
50.981937180160344,86.33032654474061,14.321827700938409
51.04176702782195,86.40868312259741,14.33563852803671
51.10159687548354,86.48703970045419,14.349449355135011
51.16142672314514,86.56539627831098,14.363260182233313
51.22125657080674,86.64375285616777,14.377071009331614
51.281086418468334,86.72210943402456,14.390881836429916
51.34091626612993,86.80046601188134,14.404692663528216
51.40074611379153,86.87882258973814,14.418503490626518
51.460575961453124,86.95717916759492,14.432314317724819
51.52040580911473,87.03553574545171,14.446125144823121
51.58023565677632,87.11389232330849,14.459935971921421
51.64006550443792,87.19224890116527,14.473746799019723
51.69989535209952,87.27060547902205,14.487557626118024
51.759725199761114,87.34896205687885,14.501368453216326
51.81955504742271,87.42731863473563,14.515179280314626
51.879384895084314,87.50567521259242,14.528990107412929
51.939214742745904,87.5840317904492,14.542800934511229
51.99904459040751,87.662388368306,14.556611761609531
52.0588744380691,87.74074494616278,14.570422588707832
52.1187042857307,87.81910152401957,14.584233415806134
52.1785341333923,87.89745810187635,14.598044242904434
52.238363981053894,87.97581467973315,14.611855070002736
52.29819382871549,88.05417125758993,14.625665897101037
52.358023676377094,88.13252783544672,14.639476724199339
52.417853524038684,88.2108844133035,14.65328755129764
52.47768337170029,88.2892409911603,14.667098378395941
52.537513219361884,88.36759756901708,14.680909205494242
52.59734306702348,88.44595414687386,14.694720032592544
52.65717291468508,88.52431072473065,14.708530859690844
52.71700276234668,88.60266730258743,14.722341686789147
52.77683261000827,88.68102388044422,14.736152513887447
52.836662457669874,88.75938045830101,14.74996334098575
52.89649230533146,88.83773703615779,14.76377416808405
52.95632215299307,88.91609361401459,14.777584995182352
53.016152000654664,88.99445019187137,14.791395822280652
53.07598184831625,89.07280676972815,14.805206649378952
53.13581169597786,89.15116334758494,14.819017476477255
53.195641543639454,89.22951992544172,14.832828303575555
53.25547139130105,89.30787650329852,14.846639130673857
53.31530123896265,89.3862330811553,14.860449957772158
53.37513108662424,89.46458965901209,14.87426078487046
53.43496093428584,89.54294623686887,14.88807161196876
53.494790781947444,89.62130281472567,14.901882439067062
53.55462062960903,89.69965939258245,14.915693266165363
53.61445047727064,89.77801597043924,14.929504093263665
53.674280324932234,89.85637254829602,14.943314920361965
53.73411017259383,89.9347291261528,14.957125747460267
53.79394002025543,90.0130857040096,14.970936574558568
53.85376986791702,90.09144228186638,14.98474740165687
53.91359971557862,90.16979885972316,14.99855822875517
53.973429563240224,90.24815543757995,15.012369055853473
54.03325941090181,90.32651201543673,15.026179882951773
54.09308925856342,90.40486859329353,15.039990710050075
54.15291910622501,90.48322517115031,15.053801537148376
54.21274895388661,90.5615817490071,15.067612364246678
54.27257880154821,90.63993832686388,15.081423191344978
54.33240864920981,90.71829490472068,15.09523401844328
54.3922384968714,90.79665148257746,15.10904484554158
54.452068344533004,90.87500806043425,15.122855672639883
54.51189819219459,90.95336463829103,15.136666499738183
54.5717280398562,91.03172121614783,15.150477326836485
54.63155788751779,91.11007779400461,15.164288153934786
54.69138773517939,91.1884343718614,15.178098981033088
54.75121758284099,91.26679094971819,15.191909808131388
54.81104743050259,91.34514752757497,15.20572063522969
54.87087727816418,91.42350410543175,15.219531462327991
54.93070712582578,91.50186068328854,15.233342289426293
54.99053697348738,91.58021726114532,15.247153116524593
55.05036682114898,91.65857383900212,15.260963943622896
55.11019666881057,91.7369304168589,15.274774770721196
55.17002651647218,91.81528699471569,15.288585597819498
55.22985636413377,91.89364357257247,15.302396424917799
55.28968621179537,91.97200015042927,15.3162072520161
55.34951605945696,92.05035672828605,15.330018079114401
55.40934590711856,92.12871330614284,15.343828906212703
55.46917575478016,92.20706988399962,15.357639733311004
55.52900560244176,92.28542646185642,15.371450560409306
55.58883545010335,92.3637830397132,15.385261387507606
55.64866529776495,92.44213961756998,15.399072214605908
55.70849514542655,92.52049619542677,15.412883041704209
55.82217049610674,92.5495208415995,15.426693868802511
55.95814819927139,92.55811261840564,15.440504695900811
56.09412590243605,92.56670439521179,15.454315522999112
56.23010360560072,92.57529617201791,15.468126350097414
56.366081308765374,92.58388794882406,15.481937177195714
56.502059011930044,92.5924797256302,15.495748004294017
56.6380367150947,92.60107150243633,15.509558831392317
56.77401441825937,92.60966327924247,15.52336965849062
56.90999212142402,92.61825505604861,15.53718048558892
57.045969824588695,92.62684683285474,15.550991312687222
57.181947527753344,92.63543860966088,15.564802139785522
57.317925230918014,92.64403038646702,15.578612966883824
57.45390293408267,92.65262216327315,15.592423793982125
57.58988063724734,92.66121394007929,15.606234621080427
57.725858340411996,92.66980571688543,15.620045448178727
57.861836043576666,92.67839749369156,15.63385627527703
57.997813746741315,92.6869892704977,15.64766710237533
58.13379144990599,92.69558104730385,15.661477929473632
58.26976915307064,92.70417282410999,15.675288756571932
58.40574685623531,92.71276460091612,15.689099583670234
58.54172455939997,92.72135637772226,15.702910410768535
58.67770226256464,92.7299481545284,15.716721237866837
58.81367996572929,92.73853993133453,15.730532064965137
58.94965766889396,92.74713170814067,15.74434289206344
59.08563537205862,92.75572348494681,15.75815371916174
59.22161307522329,92.76431526175294,15.771964546260042
59.35759077838794,92.77290703855908,15.785775373358343
59.493568481552614,92.78149881536523,15.799586200456645
59.62954618471726,92.79009059217135,15.813397027554945
59.76552388788193,92.7986823689775,15.827207854653247
59.90150159104659,92.80727414578364,15.841018681751548
60.03747929421126,92.81586592258977,15.85482950884985
60.173456997375915,92.82445769939591,15.86864033594815
60.309434700540585,92.83304947620205,15.882451163046452
60.445412403705234,92.84164125300818,15.896261990144753
60.58139010686991,92.85023302981432,15.910072817243055
60.71736781003456,92.85882480662046,15.923883644341355
60.85334551319923,92.86741658342659,15.937694471439658
60.989323216363886,92.87600836023273,15.951505298537958
61.125300919528556,92.88460013703887,15.96531612563626
61.26127862269321,92.893191913845,15.97912695273456
61.39725632585788,92.90178369065114,15.992937779832863
61.53323402902255,92.91037546745729,16.006748606931165
61.66921173218721,92.91896724426343,16.020559434029465
61.805189435351856,92.92755902106956,16.034370261127766
61.94116713851651,92.9361507978757,16.048181088226066
62.0771448416812,92.94474257468184,16.06199191532437
62.21312254484585,92.95333435148797,16.07580274242267
62.34910024801051,92.96192612829411,16.08961356952097
62.485077951175164,92.97051790510025,16.10342439661927
62.62105565433981,92.97910968190638,16.11723522371757
62.757033357504504,92.98770145871252,16.131046050815876
62.89301106066915,92.99629323551866,16.144856877914176
63.02898876383381,93.00488501232479,16.158667705012476
63.164966466998465,93.01347678913093,16.172478532110777
63.30094417016315,93.02206856593708,16.18628935920908
63.436921873327805,93.0306603427432,16.20010018630738
63.57289957649246,93.03925211954935,16.21391101340568
63.70887727965711,93.04784389635549,16.227721840503982
63.8448549828218,93.05643567316162,16.241532667602286
63.98083268598646,93.06502744996776,16.255343494700586
64.11681038915111,93.0736192267739,16.269154321798887
64.25278809231577,93.08221100358003,16.282965148897187
64.38876579548045,93.09080278038617,16.29677597599549
64.52474349864511,93.09939455719231,16.31058680309379
64.66072120180975,93.10798633399844,16.32439763019209
64.7966989049744,93.11657811080458,16.338208457290392
64.9326766081391,93.12516988761072,16.352019284388696
65.06865431130375,93.13376166441687,16.365830111486996
65.2046320144684,93.142353441223,16.379640938585297
65.34060971763306,93.15094521802914,16.393451765683597
65.47658742079774,93.15953699483528,16.4072625927819
65.6125651239624,93.1681287716414,16.4210734198802
65.69877502529644,93.18079904252346,16.434884246978502
65.76222525968582,93.19533447850002,16.448695074076802
65.82567549407523,93.20986991447656,16.462505901175106
65.8891257284646,93.2244053504531,16.476316728273407
65.95257596285398,93.23894078642964,16.490127555371707
66.01602619724338,93.25347622240618,16.503938382470007
66.07947643163277,93.26801165838273,16.51774920956831
66.14292666602216,93.28254709435927,16.531560036666612
66.20637690041154,93.29708253033581,16.545370863764912
66.26982713480092,93.31161796631235,16.559181690863213
66.33327736919033,93.3261534022889,16.572992517961517
66.3967276035797,93.34068883826544,16.586803345059817
66.4601778379691,93.35522427424198,16.600614172158117
66.52362807235848,93.36975971021852,16.614424999256418
66.58707830674788,93.38429514619507,16.62823582635472
66.65052854113726,93.39883058217161,16.642046653453022
66.71397877552664,93.41336601814815,16.655857480551322
66.77742900991603,93.4279014541247,16.669668307649623
66.84087924430543,93.44243689010125,16.683479134747927
66.90432947869482,93.45697232607779,16.697289961846227
66.9677797130842,93.47150776205433,16.711100788944528
67.03122994747358,93.48604319803087,16.724911616042828
67.09468018186297,93.50057863400741,16.73872244314113
67.15813041625236,93.51511406998395,16.752533270239432
67.22158065064176,93.52964950596049,16.766344097337733
67.28503088503113,93.54418494193703,16.780154924436033
67.34848111942051,93.55872037791359,16.793965751534333
67.41193135380992,93.57325581389013,16.807776578632637
67.4753815881993,93.58779124986667,16.821587405730938
67.53883182258869,93.60232668584321,16.835398232829238
67.60228205697807,93.61686212181975,16.84920905992754
67.66573229136746,93.6313975577963,16.863019887025843
67.72918252575685,93.64593299377285,16.876830714124143
67.79263276014623,93.66046842974939,16.890641541222443
67.85608299453563,93.67500386572593,16.904452368320744
67.91953322892502,93.68953930170247,16.918263195419048
67.9829834633144,93.70407473767901,16.932074022517348
68.04643369770379,93.71861017365555,16.94588484961565
68.10988393209317,93.73314560963209,16.95969567671395
68.17333416648258,93.74768104560864,16.973506503812253
68.23678440087195,93.76221648158518,16.987317330910553
68.30023463526133,93.77675191756173,17.001128158008854
68.36368486965073,93.79128735353827,17.014938985107154
68.42713510404012,93.8058227895148,17.028749812205458
68.49058533842951,93.82035822549136,17.04256063930376
68.55403557281889,93.8348936614679,17.05637146640206
68.61748580720827,93.84942909744444,17.07018229350036
68.68093604159768,93.86396453342098,17.083993120598663
68.74438627598705,93.87849996939752,17.097803947696963
68.80783651037645,93.89303540537406,17.111614774795264
68.87128674476583,93.9075708413506,17.125425601893564
68.93473697915523,93.92210627732716,17.139236428991868
68.99818721354461,93.9366417133037,17.15304725609017
69.06163744793399,93.95117714928024,17.16685808318847
69.12508768232338,93.96571258525678,17.18066891028677
69.18853791671278,93.98024802123332,17.194479737385073
69.25198815110217,93.99478345720988,17.208290564483374
69.31543838549155,94.00931889318642,17.222101391581674
69.37888861988093,94.02385432916296,17.235912218679974
69.44233885427033,94.0383897651395,17.24972304577828
69.50578908865971,94.05292520111604,17.26353387287658
69.5692393230491,94.06746063709258,17.27734469997488
69.63268955743848,94.08199607306912,17.29115552707318
69.69613979182787,94.09653150904568,17.304966354171484
69.75959002621727,94.11106694502222,17.318777181269784
69.82304026060665,94.12560238099876,17.332588008368084
69.88649049499604,94.1401378169753,17.346398835466385
69.94994072938542,94.15467325295184,17.360209662564685
70.01339096377481,94.16920868892838,17.37402048966299
70.0768411981642,94.18374412490493,17.38783131676129
70.14029143255358,94.19827956088147,17.40164214385959
70.20374166694297,94.21281499685801,17.41545297095789
70.26719190133237,94.22735043283456,17.429263798056194
70.33064213572175,94.2418858688111,17.443074625154495
70.39409237011114,94.25642130478764,17.456885452252795
70.45754260450052,94.27095674076418,17.470696279351095
70.52099283888992,94.28549217674073,17.4845071064494
70.5844430732793,94.30002761271727,17.4983179335477
70.64789330766868,94.31456304869381,17.512128760646
70.71134354205807,94.32909848467035,17.5259395877443
70.77479377644747,94.3436339206469,17.539750414842604
70.83824401083686,94.35816935662345,17.553561241940905
70.90169424522624,94.37270479259999,17.567372069039205
70.96514447961563,94.38724022857653,17.581182896137506
71.02859471400502,94.40177566455307,17.59499372323581
71.0920449483944,94.41631110052961,17.60880455033411
71.1554951827838,94.43084653650615,17.62261537743241
71.21894541717317,94.44538197248269,17.63642620453071
71.28239565156258,94.45991740845925,17.650237031629015
71.34584588595196,94.47445284443579,17.664047858727315
71.40929612034134,94.48898828041233,17.677858685825615
71.47274635473073,94.50352371638887,17.691669512923916
71.53619658912012,94.51805915236541,17.70548034002222
71.59964682350952,94.53259458834195,17.71929116712052
71.6630970578989,94.5471300243185,17.73310199421882
71.72654729228827,94.56166546029505,17.74691282131712
71.78999752667768,94.57620089627159,17.760723648415425
71.85344776106706,94.59073633224813,17.774534475513725
71.91689799545645,94.60527176822467,17.788345302612026
71.98034822984583,94.61980720420121,17.802156129710326
72.04379846423524,94.63434264017776,17.81596695680863
72.10724869862462,94.6488780761543,17.82977778390693
72.170698933014,94.66341351213084,17.84358861100523
72.23414916740339,94.67794894810739,17.85739943810353
72.29759940179278,94.69248438408393,17.871210265201835
72.36104963618217,94.70701982006047,17.885021092300136
72.42449987057155,94.721555256037,17.898831919398436
72.48795010496093,94.73609069201356,17.912642746496736
72.55140033935034,94.7506261279901,17.92645357359504
72.61485057373972,94.76516156396664,17.94026440069334
72.67830080812911,94.77969699994318,17.95407522779164
72.74175104251849,94.79423243591972,17.96788605488994
72.8052012769079,94.80876787189628,17.981696881988245
72.86865151129727,94.82330330787282,17.995507709086546
72.93210174568665,94.83783874384936,18.009318536184846
72.99555198007604,94.8523741798259,18.023129363283147
73.05900221446542,94.86690961580244,18.036940190381447
73.12245244885483,94.88144505177898,18.05075101747975
73.18590268324421,94.89598048775552,18.06456184457805
73.24935291763359,94.91051592373208,18.07837267167635
73.31280315202298,94.92505135970862,18.092183498774652
73.37625338641237,94.93958679568516,18.105994325872956
73.43970362080177,94.9541222316617,18.119805152971256
73.50315385519114,94.96865766763824,18.133615980069557
73.56660408958052,94.98319310361478,18.147426807167857
73.63005432396993,94.99772853959134,18.16123763426616
73.69350455835931,95.01226397556788,18.17504846136446
73.7569547927487,95.02679941154442,18.188859288462762
73.82040502713808,95.04133484752096,18.202670115561062
73.88385526152747,95.0558702834975,18.216480942659366
73.94730549591686,95.07040571947404,18.230291769757667
74.01075573030624,95.08494115545058,18.244102596855967
74.07420596469564,95.09947659142713,18.257913423954268
74.13765619908503,95.11401202740367,18.27172425105257
74.20110643347441,95.12854746338022,18.285535078150872
74.2645566678638,95.14308289935676,18.299345905249172
74.32800690225318,95.1576183353333,18.313156732347473
74.39145713664259,95.17215377130985,18.326967559445777
74.45490737103196,95.18668920728639,18.340778386544077
74.51835760542134,95.20122464326293,18.354589213642377
74.58180783981074,95.21576007923947,18.368400040740678
74.64525807420013,95.23029551521601,18.38221086783898
74.70870830858952,95.24483095119255,18.396021694937282
74.7721585429789,95.2593663871691,18.409832522035583
74.8356087773683,95.27390182314565,18.423643349133883
74.89905901175769,95.28843725912219,18.437454176232187
74.96250924614706,95.30297269509873,18.451265003330487
75.02595948053646,95.31750813107527,18.465075830428788
75.08940971492584,95.33204356705181,18.478886657527088
75.15285994931524,95.34657900302835,18.492697484625392
75.24211722074455,95.35010777587988,18.506508311723692
75.36896403055196,95.33760466621374,18.520319138821993
75.49581084035937,95.3251015565476,18.534129965920293
75.62265765016681,95.31259844688144,18.547940793018597
75.74950445997423,95.3000953372153,18.561751620116897
75.87635126978165,95.28759222754915,18.575562447215198
76.00319807958907,95.275089117883,18.5893732743135
76.13004488939652,95.26258600821686,18.603184101411802
76.25689169920393,95.25008289855072,18.616994928510103
76.38373850901135,95.23757978888457,18.630805755608403
76.51058531881876,95.22507667921842,18.644616582706703
76.63743212862617,95.21257356955228,18.658427409805004
76.76427893843362,95.20007045988613,18.672238236903308
76.89112574824104,95.18756735021998,18.686049064001608
77.01797255804846,95.17506424055384,18.69985989109991
77.14481936785587,95.1625611308877,18.71367071819821
77.27166617766332,95.15005802122154,18.727481545296513
77.39851298747074,95.1375549115554,18.741292372394813
77.52535979727814,95.12505180188926,18.755103199493114
77.65220660708556,95.11254869222311,18.768914026591414
77.779053416893,95.10004558255696,18.782724853689718
77.90590022670042,95.08754247289082,18.79653568078802
78.03274703650784,95.07503936322468,18.81034650788632
78.15959384631526,95.06253625355853,18.82415733498462
78.2864406561227,95.05003314389238,18.837968162082923
78.41328746593013,95.03753003422624,18.851778989181224
78.54013427573753,95.0250269245601,18.865589816279524
78.66698108554495,95.01252381489394,18.879400643377824
78.7938278953524,95.0000207052278,18.89321147047613
78.92067470515981,94.98751759556166,18.90702229757443
79.04752151496723,94.9750144858955,18.92083312467273
79.17436832477465,94.96251137622936,18.93464395177103
79.3012151345821,94.95000826656322,18.948454778869333
79.42806194438951,94.93750515689706,18.962265605967634
79.55490875419692,94.92500204723092,18.976076433065934
79.68175556400433,94.91249893756478,18.989887260164235
79.80860237381178,94.89999582789864,19.00369808726254
79.9354491836192,94.88749271823248,19.01750891436084
80.06229599342662,94.87498960856634,19.03131974145914
80.18914280323403,94.8624864989002,19.04513056855744
80.31598961304148,94.84998338923404,19.058941395655744
80.4428364228489,94.8374802795679,19.072752222754044
80.5696832326563,94.82497716990176,19.086563049852344
80.69653004246372,94.81247406023562,19.100373876950645
80.82337685227117,94.79997095056946,19.11418470404895
80.95022366207859,94.78746784090332,19.12799553114725
81.077070471886,94.77496473123718,19.14180635824555
81.20391728169342,94.76246162157102,19.15561718534385
81.33076409150087,94.74995851190488,19.169428012442154
81.45761090130829,94.73745540223874,19.183238839540454
81.58445771111569,94.7249522925726,19.197049666638755
81.71130452092311,94.71244918290644,19.210860493737055
81.83815133073055,94.6999460732403,19.22467132083536
81.96499814053797,94.68744296357416,19.23848214793366
82.09184495034539,94.674939853908,19.25229297503196
82.21869176015281,94.66243674424186,19.26610380213026
82.34553856996025,94.64993363457572,19.279914629228564
82.47238537976767,94.63743052490956,19.293725456326865
82.59923218957508,94.62492741524342,19.307536283425165
82.7260789993825,94.61242430557728,19.321347110523465
82.85292580918991,94.59992119591114,19.335157937621766
82.97977261899736,94.58741808624498,19.34896876472007
83.10661942880478,94.57491497657884,19.36277959181837
83.2334662386122,94.5624118669127,19.37659041891667
83.36031304841961,94.54990875724656,19.39040124601497
83.48715985822706,94.5374056475804,19.404212073113275
83.61400666803448,94.52490253791426,19.418022900211575
83.74085347784188,94.51239942824812,19.431833727309876
83.8677002876493,94.49989631858196,19.445644554408176
83.99454709745675,94.48739320891582,19.45945538150648
84.12139390726416,94.47489009924968,19.47326620860478
84.24824071707158,94.46238698958352,19.48707703570308
84.375087526879,94.44988387991738,19.50088786280138
84.50193433668645,94.43738077025124,19.514698689899685
84.62878114649385,94.42487766058508,19.528509516997985
84.75562795630127,94.41237455091894,19.542320344096286
84.88247476610869,94.3998714412528,19.556131171194586
85.00932157591613,94.38736833158666,19.56994199829289
85.13350309920735,94.38304733882215,19.58375282539119
85.25382623214382,94.39057115176335,19.59756365248949
85.37414936508031,94.39809496470454,19.61137447958779
85.49447249801683,94.40561877764574,19.625185306686095
85.61479563095332,94.41314259058693,19.638996133784396
85.73511876388982,94.42066640352813,19.652806960882696
85.8554418968263,94.42819021646932,19.666617787980996
85.97576502976283,94.4357140294105,19.6804286150793
86.0960881626993,94.4432378423517,19.6942394421776
86.2164112956358,94.4507616552929,19.7080502692759
86.33673442857229,94.4582854682341,19.7218610963742
86.4570575615088,94.46580928117528,19.735671923472506
86.5773806944453,94.47333309411647,19.749482750570806
86.69770382738179,94.48085690705767,19.763293577669106
86.81802696031826,94.48838071999886,19.777104404767407
86.93835009325478,94.49590453294006,19.79091523186571
87.05867322619127,94.50342834588125,19.80472605896401
87.17899635912777,94.51095215882245,19.81853688606231
87.29931949206426,94.51847597176364,19.832347713160612
87.41964262500078,94.52599978470482,19.846158540258916
87.53996575793727,94.53352359764602,19.859969367357216
87.66028889087374,94.54104741058721,19.873780194455517
87.78061202381024,94.54857122352841,19.887591021553817
87.90093515674675,94.5560950364696,19.90140184865212
88.02125828968325,94.5636188494108,19.91521267575042
88.14158142261974,94.57114266235199,19.92902350284872
88.26190455555621,94.57866647529318,19.942834329947022
88.3822276884927,94.58619028823438,19.956645157045322
88.50255082142922,94.59371410117556,19.970455984143626
88.62287395436572,94.60123791411677,19.984266811241927
88.7431970873022,94.60876172705795,19.998077638340227
88.8635202202387,94.61628553999914,20.011888465438528
88.98384335317522,94.62380935294034,20.02569929253683
89.1041664861117,94.63133316588153,20.039510119635132
89.22448961904819,94.63885697882273,20.053320946733432
89.34481275198468,94.64638079176392,20.067131773831733
89.4651358849212,94.65390460470512,20.080942600930037
89.58545901785769,94.6614284176463,20.094753428028337
89.70578215079418,94.6689522305875,20.108564255126637
89.82610528373067,94.6764760435287,20.122375082224938
89.94642841666717,94.68399985646988,20.136185909323242
90.06675154960367,94.69152366941108,20.149996736421542
90.18707468254016,94.69904748235227,20.163807563519843
90.30739781547665,94.70657129529346,20.177618390618143
90.42772094841317,94.71409510823466,20.191429217716447
90.54804408134966,94.72161892117585,20.205240044814747
90.66836721428614,94.72914273411705,20.219050871913048
90.78869034722263,94.73666654705823,20.232861699011348
90.90901348015915,94.74419035999944,20.246672526109652
91.02933661309564,94.75171417294062,20.260483353207952
91.14965974603213,94.75923798588181,20.274294180306253
91.26998287896862,94.76676179882301,20.288105007404553
91.39030601190514,94.7742856117642,20.301915834502857
91.51062914484162,94.7818094247054,20.315726661601158
91.6309522777781,94.78933323764659,20.329537488699458
91.7512754107146,94.79685705058779,20.34334831579776
91.87159854365112,94.80438086352898,20.357159142896062
91.99192167658761,94.81190467647016,20.370969969994363
92.1122448095241,94.81942848941137,20.384780797092663
92.23256794246058,94.82695230235255,20.398591624190964
92.3528910753971,94.83447611529375,20.412402451289267
92.47321420833359,94.84199992823494,20.426213278387568
92.59353734127008,94.84952374117614,20.44002410548587
92.71386047420657,94.85704755411733,20.45383493258417
92.83418360714309,94.86457136705852,20.467645759682473
92.95450674007958,94.87209517999972,20.481456586780773
93.07482987301606,94.8796189929409,20.495267413879073
93.19515300595255,94.8871428058821,20.509078240977374
93.31547613888907,94.8946666188233,20.522889068075678
93.43579927182556,94.9021904317645,20.536699895173978
93.55612240476205,94.90971424470568,20.55051072227228
93.67644553769854,94.91723805764687,20.56432154937058
93.79676867063503,94.92476187058807,20.57813237646888
93.91709180357154,94.93228568352926,20.591943203567183
94.03741493650803,94.93980949647046,20.605754030665484
94.15773806944452,94.94733330941165,20.619564857763784
94.27806120238101,94.95485712235283,20.633375684862084
94.39838433531753,94.96238093529404,20.64718651196039
94.51870746825402,94.96990474823522,20.66099733905869
94.6390306011905,94.97742856117642,20.67480816615699
94.75935373412699,94.98495237411761,20.68861899325529
94.87967686706351,94.99247618705881,20.702429820353593
95.0,95.0,20.716240647451894
